{"textures":{"0":"modelengine:entity/brown_silver_crate_texture"},"elements":[{"from":[7.8983755,7.2416,5.9354515],"to":[8.846375,8.1896,9.727451],"faces":{"east":{"uv":[0.0,0.0,0.5714286,0.14285715],"tintindex":0,"rotation":0,"texture":"#0"},"south":{"uv":[0.0,0.0,0.14285715,0.14285715],"tintindex":0,"rotation":0,"texture":"#0"},"north":{"uv":[0.0,0.0,0.14285715,0.14285715],"tintindex":0,"rotation":0,"texture":"#0"},"west":{"uv":[0.0,0.0,0.5714286,0.14285715],"tintindex":0,"rotation":0,"texture":"#0"},"up":{"uv":[0.0,0.0,0.14285715,0.5714286],"tintindex":0,"rotation":0,"texture":"#0"},"down":{"uv":[0.0,0.0,0.14285715,0.5714286],"tintindex":0,"rotation":0,"texture":"#0"}},"rotation":{"origin":[8.0879755,8.0,7.8314514],"angle":22.5,"axis":"z"}},{"from":[7.8983755,3.4496002,9.727451],"to":[8.846375,8.1896,10.675451],"faces":{"east":{"uv":[0.0,0.0,0.14285715,0.71428573],"tintindex":0,"rotation":0,"texture":"#0"},"south":{"uv":[0.0,0.0,0.14285715,0.71428573],"tintindex":0,"rotation":0,"texture":"#0"},"north":{"uv":[0.0,0.0,0.14285715,0.71428573],"tintindex":0,"rotation":0,"texture":"#0"},"west":{"uv":[0.0,0.0,0.14285715,0.71428573],"tintindex":0,"rotation":0,"texture":"#0"},"up":{"uv":[0.0,0.0,0.14285715,0.14285715],"tintindex":0,"rotation":0,"texture":"#0"},"down":{"uv":[0.0,0.0,0.14285715,0.14285715],"tintindex":0,"rotation":0,"texture":"#0"}},"rotation":{"origin":[8.0879755,8.0,7.8314514],"angle":22.5,"axis":"z"}},{"from":[7.8983755,3.4496002,5.9354515],"to":[8.846375,4.3976007,9.727451],"faces":{"east":{"uv":[0.0,0.0,0.5714286,0.14285715],"tintindex":0,"rotation":0,"texture":"#0"},"south":{"uv":[0.0,0.0,0.14285715,0.14285715],"tintindex":0,"rotation":0,"texture":"#0"},"north":{"uv":[0.0,0.0,0.14285715,0.14285715],"tintindex":0,"rotation":0,"texture":"#0"},"west":{"uv":[0.0,0.0,0.5714286,0.14285715],"tintindex":0,"rotation":0,"texture":"#0"},"up":{"uv":[0.0,0.0,0.14285715,0.5714286],"tintindex":0,"rotation":0,"texture":"#0"},"down":{"uv":[0.0,0.0,0.14285715,0.5714286],"tintindex":0,"rotation":0,"texture":"#0"}},"rotation":{"origin":[8.0879755,8.0,7.8314514],"angle":22.5,"axis":"z"}},{"from":[7.8983755,3.4496002,4.9874516],"to":[8.846375,8.1896,5.9354515],"faces":{"east":{"uv":[0.0,0.0,0.14285715,0.71428573],"tintindex":0,"rotation":0,"texture":"#0"},"south":{"uv":[0.0,0.0,0.14285715,0.71428573],"tintindex":0,"rotation":0,"texture":"#0"},"north":{"uv":[0.0,0.0,0.14285715,0.71428573],"tintindex":0,"rotation":0,"texture":"#0"},"west":{"uv":[0.0,0.0,0.14285715,0.71428573],"tintindex":0,"rotation":0,"texture":"#0"},"up":{"uv":[0.0,0.0,0.14285715,0.14285715],"tintindex":0,"rotation":0,"texture":"#0"},"down":{"uv":[0.0,0.0,0.14285715,0.14285715],"tintindex":0,"rotation":0,"texture":"#0"}},"rotation":{"origin":[8.0879755,8.0,7.8314514],"angle":22.5,"axis":"z"}}],"display":{"gui":{"rotation":[30,225,0]}}}