{"textures":{"0":"modelengine:entity/brown_silver_crate_texture"},"elements":[{"from":[8.846375,-4.1344004,5.9354515],"to":[9.794375,-3.1864004,9.727451],"faces":{"east":{"uv":[0.0,0.0,0.5714286,0.14285715],"tintindex":0,"rotation":0,"texture":"#0"},"south":{"uv":[0.0,0.0,0.14285715,0.14285715],"tintindex":0,"rotation":0,"texture":"#0"},"north":{"uv":[0.0,0.0,0.14285715,0.14285715],"tintindex":0,"rotation":0,"texture":"#0"},"west":{"uv":[0.0,0.0,0.5714286,0.14285715],"tintindex":0,"rotation":0,"texture":"#0"},"up":{"uv":[0.0,0.0,0.14285715,0.5714286],"tintindex":0,"rotation":0,"texture":"#0"},"down":{"uv":[0.0,0.0,0.14285715,0.5714286],"tintindex":0,"rotation":0,"texture":"#0"}},"rotation":{"origin":[28.943975,8.0,7.8314514],"angle":-22.5,"axis":"z"}},{"from":[8.846375,-0.34240055,5.9354515],"to":[9.794375,0.6055994,9.727451],"faces":{"east":{"uv":[0.0,0.0,0.5714286,0.14285715],"tintindex":0,"rotation":0,"texture":"#0"},"south":{"uv":[0.0,0.0,0.14285715,0.14285715],"tintindex":0,"rotation":0,"texture":"#0"},"north":{"uv":[0.0,0.0,0.14285715,0.14285715],"tintindex":0,"rotation":0,"texture":"#0"},"west":{"uv":[0.0,0.0,0.5714286,0.14285715],"tintindex":0,"rotation":0,"texture":"#0"},"up":{"uv":[0.0,0.0,0.14285715,0.5714286],"tintindex":0,"rotation":0,"texture":"#0"},"down":{"uv":[0.0,0.0,0.14285715,0.5714286],"tintindex":0,"rotation":0,"texture":"#0"}},"rotation":{"origin":[28.943975,8.0,7.8314514],"angle":-22.5,"axis":"z"}},{"from":[8.846375,-4.1344004,9.727451],"to":[9.794375,0.6055994,10.675451],"faces":{"east":{"uv":[0.0,0.0,0.14285715,0.71428573],"tintindex":0,"rotation":0,"texture":"#0"},"south":{"uv":[0.0,0.0,0.14285715,0.71428573],"tintindex":0,"rotation":0,"texture":"#0"},"north":{"uv":[0.0,0.0,0.14285715,0.71428573],"tintindex":0,"rotation":0,"texture":"#0"},"west":{"uv":[0.0,0.0,0.14285715,0.71428573],"tintindex":0,"rotation":0,"texture":"#0"},"up":{"uv":[0.0,0.0,0.14285715,0.14285715],"tintindex":0,"rotation":0,"texture":"#0"},"down":{"uv":[0.0,0.0,0.14285715,0.14285715],"tintindex":0,"rotation":0,"texture":"#0"}},"rotation":{"origin":[28.943975,8.0,7.8314514],"angle":-22.5,"axis":"z"}},{"from":[8.846375,-4.1344004,4.9874516],"to":[9.794375,0.6055994,5.9354515],"faces":{"east":{"uv":[0.0,0.0,0.14285715,0.71428573],"tintindex":0,"rotation":0,"texture":"#0"},"south":{"uv":[0.0,0.0,0.14285715,0.71428573],"tintindex":0,"rotation":0,"texture":"#0"},"north":{"uv":[0.0,0.0,0.14285715,0.71428573],"tintindex":0,"rotation":0,"texture":"#0"},"west":{"uv":[0.0,0.0,0.14285715,0.71428573],"tintindex":0,"rotation":0,"texture":"#0"},"up":{"uv":[0.0,0.0,0.14285715,0.14285715],"tintindex":0,"rotation":0,"texture":"#0"},"down":{"uv":[0.0,0.0,0.14285715,0.14285715],"tintindex":0,"rotation":0,"texture":"#0"}},"rotation":{"origin":[28.943975,8.0,7.8314514],"angle":-22.5,"axis":"z"}}],"display":{"gui":{"rotation":[30,225,0]}}}