{"textures":{"0":"modelengine:entity/purple_light_purple_crate_texture"},"elements":[{"from":[16.35107,3.2395105,0.8706913],"to":[20.14307,5.1355104,4.6626916],"faces":{"east":{"uv":[9.714286,12.857143,10.285715,13.142858],"tintindex":0,"rotation":0,"texture":"#0"},"south":{"uv":[12.857143,9.714286,13.428572,10.0],"tintindex":0,"rotation":0,"texture":"#0"},"north":{"uv":[12.857143,9.428572,13.428572,9.714286],"tintindex":0,"rotation":0,"texture":"#0"},"west":{"uv":[10.285715,12.857143,10.857143,13.142858],"tintindex":0,"rotation":0,"texture":"#0"},"up":{"uv":[3.4285717,12.571429,2.857143,12.000001],"tintindex":0,"rotation":0,"texture":"#0"},"down":{"uv":[12.571429,3.1428573,12.000001,3.7142859],"tintindex":0,"rotation":0,"texture":"#0"}}},{"from":[18.24707,7.0315104,14.142692],"to":[21.091072,12.71951,16.98669],"faces":{"east":{"uv":[0.5714286,11.428572,1.0,12.285715],"tintindex":0,"rotation":0,"texture":"#0"},"south":{"uv":[1.1428572,11.428572,1.5714287,12.285715],"tintindex":0,"rotation":0,"texture":"#0"},"north":{"uv":[0.0,11.428572,0.42857146,12.285715],"tintindex":0,"rotation":0,"texture":"#0"},"west":{"uv":[1.7142859,11.428572,2.1428573,12.285715],"tintindex":0,"rotation":0,"texture":"#0"},"up":{"uv":[11.857143,13.000001,11.428572,12.571429],"tintindex":0,"rotation":0,"texture":"#0"},"down":{"uv":[13.000001,11.714286,12.571429,12.142858],"tintindex":0,"rotation":0,"texture":"#0"}}},{"from":[3.268671,13.762311,15.777991],"to":[7.060671,15.658311,17.673992],"faces":{"east":{"uv":[2.5714288,11.142858,2.857143,11.428572],"tintindex":0,"rotation":0,"texture":"#0"},"south":{"uv":[12.857143,4.571429,13.428572,4.857143],"tintindex":0,"rotation":0,"texture":"#0"},"north":{"uv":[12.857143,4.571429,13.428572,4.857143],"tintindex":0,"rotation":0,"texture":"#0"},"west":{"uv":[11.428572,10.285715,11.714286,10.571429],"tintindex":0,"rotation":0,"texture":"#0"},"up":{"uv":[13.428572,5.1428576,12.857143,4.857143],"tintindex":0,"rotation":0,"texture":"#0"},"down":{"uv":[13.428572,5.1428576,12.857143,5.4285717],"tintindex":0,"rotation":0,"texture":"#0"}}},{"from":[18.24707,7.0315104,-0.077308655],"to":[21.091072,12.71951,2.7666917],"faces":{"east":{"uv":[11.428572,11.142858,11.857143,12.000001],"tintindex":0,"rotation":0,"texture":"#0"},"south":{"uv":[11.714286,8.571429,12.142858,9.428572],"tintindex":0,"rotation":0,"texture":"#0"},"north":{"uv":[2.2857144,11.428572,2.7142859,12.285715],"tintindex":0,"rotation":0,"texture":"#0"},"west":{"uv":[11.714286,9.428572,12.142858,10.285715],"tintindex":0,"rotation":0,"texture":"#0"},"up":{"uv":[13.000001,12.714286,12.571429,12.285715],"tintindex":0,"rotation":0,"texture":"#0"},"down":{"uv":[0.42857146,12.857143,0.0,13.285715],"tintindex":0,"rotation":0,"texture":"#0"}}},{"from":[20.048271,11.100277,14.995416],"to":[20.996271,14.892277,16.891415],"faces":{"east":{"uv":[13.142858,7.714286,13.428572,8.285715],"tintindex":0,"rotation":0,"texture":"#0"},"south":{"uv":[10.285715,13.428572,10.428572,14.000001],"tintindex":0,"rotation":0,"texture":"#0"},"north":{"uv":[10.0,13.428572,10.142858,14.000001],"tintindex":0,"rotation":0,"texture":"#0"},"west":{"uv":[8.285715,13.142858,8.571429,13.714287],"tintindex":0,"rotation":0,"texture":"#0"},"up":{"uv":[13.857143,1.7142859,13.714287,1.4285715],"tintindex":0,"rotation":0,"texture":"#0"},"down":{"uv":[1.8571429,13.714287,1.7142859,14.000001],"tintindex":0,"rotation":0,"texture":"#0"}},"rotation":{"origin":[10.615671,13.159581,8.35069],"angle":45.0,"axis":"x"}},{"from":[0.23507118,7.0315104,14.142692],"to":[3.079071,12.71951,16.98669],"faces":{"east":{"uv":[9.714286,11.142858,10.142858,12.000001],"tintindex":0,"rotation":0,"texture":"#0"},"south":{"uv":[10.285715,11.142858,10.714286,12.000001],"tintindex":0,"rotation":0,"texture":"#0"},"north":{"uv":[9.142858,11.142858,9.571429,12.000001],"tintindex":0,"rotation":0,"texture":"#0"},"west":{"uv":[10.857143,11.142858,11.285715,12.000001],"tintindex":0,"rotation":0,"texture":"#0"},"up":{"uv":[13.000001,11.000001,12.571429,10.571429],"tintindex":0,"rotation":0,"texture":"#0"},"down":{"uv":[13.000001,11.142858,12.571429,11.571429],"tintindex":0,"rotation":0,"texture":"#0"}}},{"from":[0.32987118,9.875511,5.634392],"to":[1.1830711,12.956511,11.3223915],"faces":{"east":{"uv":[11.714286,10.285715,12.571429,10.714286],"tintindex":0,"rotation":0,"texture":"#0"},"south":{"uv":[11.428572,13.428572,11.571429,13.857143],"tintindex":0,"rotation":0,"texture":"#0"},"north":{"uv":[11.142858,13.428572,11.285715,13.857143],"tintindex":0,"rotation":0,"texture":"#0"},"west":{"uv":[12.000001,2.5714288,12.857143,3.0000002],"tintindex":0,"rotation":0,"texture":"#0"},"up":{"uv":[13.571429,5.1428576,13.428572,4.2857146],"tintindex":0,"rotation":0,"texture":"#0"},"down":{"uv":[4.714286,13.428572,4.571429,14.285715],"tintindex":0,"rotation":0,"texture":"#0"}}},{"from":[1.1830711,3.2395105,12.246691],"to":[4.975071,5.1355104,16.038692],"faces":{"east":{"uv":[13.142858,1.1428572,13.714287,1.4285715],"tintindex":0,"rotation":0,"texture":"#0"},"south":{"uv":[13.142858,1.4285715,13.714287,1.7142859],"tintindex":0,"rotation":0,"texture":"#0"},"north":{"uv":[1.1428572,13.142858,1.7142859,13.428572],"tintindex":0,"rotation":0,"texture":"#0"},"west":{"uv":[13.142858,1.7142859,13.714287,2.0],"tintindex":0,"rotation":0,"texture":"#0"},"up":{"uv":[6.8571434,12.571429,6.2857146,12.000001],"tintindex":0,"rotation":0,"texture":"#0"},"down":{"uv":[7.4285717,12.000001,6.8571434,12.571429],"tintindex":0,"rotation":0,"texture":"#0"}}},{"from":[0.90835,12.266855,15.991291],"to":[2.80435,16.058855,16.939293],"faces":{"east":{"uv":[8.0,13.428572,8.142858,14.000001],"tintindex":0,"rotation":0,"texture":"#0"},"south":{"uv":[13.142858,3.1428573,13.428572,3.7142859],"tintindex":0,"rotation":0,"texture":"#0"},"north":{"uv":[3.1428573,13.142858,3.4285717,13.714287],"tintindex":0,"rotation":0,"texture":"#0"},"west":{"uv":[13.428572,8.285715,13.571429,8.857143],"tintindex":0,"rotation":0,"texture":"#0"},"up":{"uv":[14.000001,0.42857146,13.714287,0.2857143],"tintindex":0,"rotation":0,"texture":"#0"},"down":{"uv":[0.8571429,13.714287,0.5714286,13.857143],"tintindex":0,"rotation":0,"texture":"#0"}},"rotation":{"origin":[10.615671,13.159581,8.35069],"angle":45.0,"axis":"z"}},{"from":[0.32987118,10.9531975,-0.0429554],"to":[1.2778711,14.745197,1.853045],"faces":{"east":{"uv":[13.142858,3.7142859,13.428572,4.2857146],"tintindex":0,"rotation":0,"texture":"#0"},"south":{"uv":[9.428572,13.428572,9.571429,14.000001],"tintindex":0,"rotation":0,"texture":"#0"},"north":{"uv":[9.142858,13.428572,9.285715,14.000001],"tintindex":0,"rotation":0,"texture":"#0"},"west":{"uv":[4.0,13.142858,4.2857146,13.714287],"tintindex":0,"rotation":0,"texture":"#0"},"up":{"uv":[13.857143,1.1428572,13.714287,0.8571429],"tintindex":0,"rotation":0,"texture":"#0"},"down":{"uv":[1.2857144,13.714287,1.1428572,14.000001],"tintindex":0,"rotation":0,"texture":"#0"}},"rotation":{"origin":[10.615671,13.159581,8.35069],"angle":-45.0,"axis":"x"}},{"from":[18.494026,12.333889,15.991291],"to":[20.390026,16.125889,16.939293],"faces":{"east":{"uv":[8.857143,13.428572,9.0,14.000001],"tintindex":0,"rotation":0,"texture":"#0"},"south":{"uv":[3.7142859,13.142858,4.0,13.714287],"tintindex":0,"rotation":0,"texture":"#0"},"north":{"uv":[3.4285717,13.142858,3.7142859,13.714287],"tintindex":0,"rotation":0,"texture":"#0"},"west":{"uv":[13.428572,8.857143,13.571429,9.428572],"tintindex":0,"rotation":0,"texture":"#0"},"up":{"uv":[14.000001,0.71428573,13.714287,0.5714286],"tintindex":0,"rotation":0,"texture":"#0"},"down":{"uv":[1.1428572,13.714287,0.8571429,13.857143],"tintindex":0,"rotation":0,"texture":"#0"}},"rotation":{"origin":[10.615671,13.159581,8.35069],"angle":-45.0,"axis":"z"}},{"from":[0.23507118,7.0315104,-0.077308655],"to":[3.079071,12.71951,2.7666917],"faces":{"east":{"uv":[7.4285717,11.142858,7.8571434,12.000001],"tintindex":0,"rotation":0,"texture":"#0"},"south":{"uv":[8.0,11.142858,8.428572,12.000001],"tintindex":0,"rotation":0,