{"textures":{"0":"modelengine:entity/pink_green_crate_texture"},"elements":[{"from":[16.3424,3.2395105,0.84259987],"to":[20.1344,5.1355104,4.6346],"faces":{"east":{"uv":[9.714286,12.857143,10.285715,13.142858],"tintindex":0,"rotation":0,"texture":"#0"},"south":{"uv":[12.857143,9.714286,13.428572,10.0],"tintindex":0,"rotation":0,"texture":"#0"},"north":{"uv":[12.857143,9.428572,13.428572,9.714286],"tintindex":0,"rotation":0,"texture":"#0"},"west":{"uv":[10.285715,12.857143,10.857143,13.142858],"tintindex":0,"rotation":0,"texture":"#0"},"up":{"uv":[3.4285717,12.571429,2.857143,12.000001],"tintindex":0,"rotation":0,"texture":"#0"},"down":{"uv":[12.571429,3.1428573,12.000001,3.7142859],"tintindex":0,"rotation":0,"texture":"#0"}}},{"from":[18.2384,7.0315104,14.1146],"to":[21.082401,12.71951,16.9586],"faces":{"east":{"uv":[0.5714286,11.428572,1.0,12.285715],"tintindex":0,"rotation":0,"texture":"#0"},"south":{"uv":[1.1428572,11.428572,1.5714287,12.285715],"tintindex":0,"rotation":0,"texture":"#0"},"north":{"uv":[0.0,11.428572,0.42857146,12.285715],"tintindex":0,"rotation":0,"texture":"#0"},"west":{"uv":[1.7142859,11.428572,2.1428573,12.285715],"tintindex":0,"rotation":0,"texture":"#0"},"up":{"uv":[11.857143,13.000001,11.428572,12.571429],"tintindex":0,"rotation":0,"texture":"#0"},"down":{"uv":[13.000001,11.714286,12.571429,12.142858],"tintindex":0,"rotation":0,"texture":"#0"}}},{"from":[3.2600002,13.762311,15.7499],"to":[7.052,15.658311,17.6459],"faces":{"east":{"uv":[2.5714288,11.142858,2.857143,11.428572],"tintindex":0,"rotation":0,"texture":"#0"},"south":{"uv":[12.857143,4.571429,13.428572,4.857143],"tintindex":0,"rotation":0,"texture":"#0"},"north":{"uv":[12.857143,4.571429,13.428572,4.857143],"tintindex":0,"rotation":0,"texture":"#0"},"west":{"uv":[11.428572,10.285715,11.714286,10.571429],"tintindex":0,"rotation":0,"texture":"#0"},"up":{"uv":[13.428572,5.1428576,12.857143,4.857143],"tintindex":0,"rotation":0,"texture":"#0"},"down":{"uv":[13.428572,5.1428576,12.857143,5.4285717],"tintindex":0,"rotation":0,"texture":"#0"}}},{"from":[18.2384,7.0315104,-0.105400085],"to":[21.082401,12.71951,2.7386003],"faces":{"east":{"uv":[11.428572,11.142858,11.857143,12.000001],"tintindex":0,"rotation":0,"texture":"#0"},"south":{"uv":[11.714286,8.571429,12.142858,9.428572],"tintindex":0,"rotation":0,"texture":"#0"},"north":{"uv":[2.2857144,11.428572,2.7142859,12.285715],"tintindex":0,"rotation":0,"texture":"#0"},"west":{"uv":[11.714286,9.428572,12.142858,10.285715],"tintindex":0,"rotation":0,"texture":"#0"},"up":{"uv":[13.000001,12.714286,12.571429,12.285715],"tintindex":0,"rotation":0,"texture":"#0"},"down":{"uv":[0.42857146,12.857143,0.0,13.285715],"tintindex":0,"rotation":0,"texture":"#0"}}},{"from":[20.0396,11.100277,14.967324],"to":[20.9876,14.892277,16.863323],"faces":{"east":{"uv":[13.142858,7.714286,13.428572,8.285715],"tintindex":0,"rotation":0,"texture":"#0"},"south":{"uv":[10.285715,13.428572,10.428572,14.000001],"tintindex":0,"rotation":0,"texture":"#0"},"north":{"uv":[10.0,13.428572,10.142858,14.000001],"tintindex":0,"rotation":0,"texture":"#0"},"west":{"uv":[8.285715,13.142858,8.571429,13.714287],"tintindex":0,"rotation":0,"texture":"#0"},"up":{"uv":[13.857143,1.7142859,13.714287,1.4285715],"tintindex":0,"rotation":0,"texture":"#0"},"down":{"uv":[1.8571429,13.714287,1.7142859,14.000001],"tintindex":0,"rotation":0,"texture":"#0"}},"rotation":{"origin":[10.607,13.159581,8.322598],"angle":45.0,"axis":"x"}},{"from":[0.22640038,7.0315104,14.1146],"to":[3.0704002,12.71951,16.9586],"faces":{"east":{"uv":[9.714286,11.142858,10.142858,12.000001],"tintindex":0,"rotation":0,"texture":"#0"},"south":{"uv":[10.285715,11.142858,10.714286,12.000001],"tintindex":0,"rotation":0,"texture":"#0"},"north":{"uv":[9.142858,11.142858,9.571429,12.000001],"tintindex":0,"rotation":0,"texture":"#0"},"west":{"uv":[10.857143,11.142858,11.285715,12.000001],"tintindex":0,"rotation":0,"texture":"#0"},"up":{"uv":[13.000001,11.000001,12.571429,10.571429],"tintindex":0,"rotation":0,"texture":"#0"},"down":{"uv":[13.000001,11.142858,12.571429,11.571429],"tintindex":0,"rotation":0,"texture":"#0"}}},{"from":[0.32120037,9.875511,5.6063004],"to":[1.1744003,12.956511,11.2943],"faces":{"east":{"uv":[11.714286,10.285715,12.571429,10.714286],"tintindex":0,"rotation":0,"texture":"#0"},"south":{"uv":[11.428572,13.428572,11.571429,13.857143],"tintindex":0,"rotation":0,"texture":"#0"},"north":{"uv":[11.142858,13.428572,11.285715,13.857143],"tintindex":0,"rotation":0,"texture":"#0"},"west":{"uv":[12.000001,2.5714288,12.857143,3.0000002],"tintindex":0,"rotation":0,"texture":"#0"},"up":{"uv":[13.571429,5.1428576,13.428572,4.2857146],"tintindex":0,"rotation":0,"texture":"#0"},"down":{"uv":[4.714286,13.428572,4.571429,14.285715],"tintindex":0,"rotation":0,"texture":"#0"}}},{"from":[1.1744003,3.2395105,12.218599],"to":[4.9664,5.1355104,16.010601],"faces":{"east":{"uv":[13.142858,1.1428572,13.714287,1.4285715],"tintindex":0,"rotation":0,"texture":"#0"},"south":{"uv":[13.142858,1.4285715,13.714287,1.7142859],"tintindex":0,"rotation":0,"texture":"#0"},"north":{"uv":[1.1428572,13.142858,1.7142859,13.428572],"tintindex":0,"rotation":0,"texture":"#0"},"west":{"uv":[13.142858,1.7142859,13.714287,2.0],"tintindex":0,"rotation":0,"texture":"#0"},"up":{"uv":[6.8571434,12.571429,6.2857146,12.000001],"tintindex":0,"rotation":0,"texture":"#0"},"down":{"uv":[7.4285717,12.000001,6.8571434,12.571429],"tintindex":0,"rotation":0,"texture":"#0"}}},{"from":[0.8996792,12.266855,15.9632],"to":[2.795679,16.058855,16.911201],"faces":{"east":{"uv":[8.0,13.428572,8.142858,14.000001],"tintindex":0,"rotation":0,"texture":"#0"},"south":{"uv":[13.142858,3.1428573,13.428572,3.7142859],"tintindex":0,"rotation":0,"texture":"#0"},"north":{"uv":[3.1428573,13.142858,3.4285717,13.714287],"tintindex":0,"rotation":0,"texture":"#0"},"west":{"uv":[13.428572,8.285715,13.571429,8.857143],"tintindex":0,"rotation":0,"texture":"#0"},"up":{"uv":[14.000001,0.42857146,13.714287,0.2857143],"tintindex":0,"rotation":0,"texture":"#0"},"down":{"uv":[0.8571429,13.714287,0.5714286,13.857143],"tintindex":0,"rotation":0,"texture":"#0"}},"rotation":{"origin":[10.607,13.159581,8.322598],"angle":45.0,"axis":"z"}},{"from":[0.32120037,10.9531975,-0.07104683],"to":[1.2692003,14.745197,1.8249536],"faces":{"east":{"uv":[13.142858,3.7142859,13.428572,4.2857146],"tintindex":0,"rotation":0,"texture":"#0"},"south":{"uv":[9.428572,13.428572,9.571429,14.000001],"tintindex":0,"rotation":0,"texture":"#0"},"north":{"uv":[9.142858,13.428572,9.285715,14.000001],"tintindex":0,"rotation":0,"texture":"#0"},"west":{"uv":[4.0,13.142858,4.2857146,13.714287],"tintindex":0,"rotation":0,"texture":"#0"},"up":{"uv":[13.857143,1.1428572,13.714287,0.8571429],"tintindex":0,"rotation":0,"texture":"#0"},"down":{"uv":[1.2857144,13.714287,1.1428572,14.000001],"tintindex":0,"rotation":0,"texture":"#0"}},"rotation":{"origin":[10.607,13.159581,8.322598],"angle":-45.0,"axis":"x"}},{"from":[18.485355,12.333889,15.9632],"to":[20.381355,16.125889,16.911201],"faces":{"east":{"uv":[8.857143,13.428572,9.0,14.000001],"tintindex":0,"rotation":0,"texture":"#0"},"south":{"uv":[3.7142859,13.142858,4.0,13.714287],"tintindex":0,"rotation":0,"texture":"#0"},"north":{"uv":[3.4285717,13.142858,3.7142859,13.714287],"tintindex":0,"rotation":0,"texture":"#0"},"west":{"uv":[13.428572,8.857143,13.571429,9.428572],"tintindex":0,"rotation":0,"texture":"#0"},"up":{"uv":[14.000001,0.71428573,13.714287,0.5714286],"tintindex":0,"rotation":0,"texture":"#0"},"down":{"uv":[1.1428572,13.714287,0.8571429,13.857143],"tintindex":0,"rotation":0,"texture":"#0"}},"rotation":{"origin":[10.607,13.159581,8.322598],"angle":-45.0,"axis":"z"}},{"from":[0.22640038,7.0315104,-0.105400085],"to":[3.0704002,12.71951,2.7386003],"faces":{"east":{"uv":[7.4285717,11.142858,7.8571434,12.000001],"tintindex":0,"rotation":0,"texture":"#0"},"south":{"uv":[8.0,11.142858,8.428572,12.000001],"tintindex":0,"rotation":0,"texture":"#0"},