{"textures":{"0":"modelengine:entity/pink_green_crate_texture"},"elements":[{"from":[7.8104,7.2416,6.104],"to":[8.7584,8.1896,9.896],"faces":{"east":{"uv":[0.0,0.0,0.5714286,0.14285715],"tintindex":0,"rotation":0,"texture":"#0"},"south":{"uv":[0.0,0.0,0.14285715,0.14285715],"tintindex":0,"rotation":0,"texture":"#0"},"north":{"uv":[0.0,0.0,0.14285715,0.14285715],"tintindex":0,"rotation":0,"texture":"#0"},"west":{"uv":[0.0,0.0,0.5714286,0.14285715],"tintindex":0,"rotation":0,"texture":"#0"},"up":{"uv":[0.0,0.0,0.14285715,0.5714286],"tintindex":0,"rotation":0,"texture":"#0"},"down":{"uv":[0.0,0.0,0.14285715,0.5714286],"tintindex":0,"rotation":0,"texture":"#0"}},"rotation":{"origin":[8.0,8.0,8.0],"angle":22.5,"axis":"z"}},{"from":[7.8104,3.4496002,9.896],"to":[8.7584,8.1896,10.844],"faces":{"east":{"uv":[0.0,0.0,0.14285715,0.71428573],"tintindex":0,"rotation":0,"texture":"#0"},"south":{"uv":[0.0,0.0,0.14285715,0.71428573],"tintindex":0,"rotation":0,"texture":"#0"},"north":{"uv":[0.0,0.0,0.14285715,0.71428573],"tintindex":0,"rotation":0,"texture":"#0"},"west":{"uv":[0.0,0.0,0.14285715,0.71428573],"tintindex":0,"rotation":0,"texture":"#0"},"up":{"uv":[0.0,0.0,0.14285715,0.14285715],"tintindex":0,"rotation":0,"texture":"#0"},"down":{"uv":[0.0,0.0,0.14285715,0.14285715],"tintindex":0,"rotation":0,"texture":"#0"}},"rotation":{"origin":[8.0,8.0,8.0],"angle":22.5,"axis":"z"}},{"from":[7.8104,3.4496002,6.104],"to":[8.7584,4.3976007,9.896],"faces":{"east":{"uv":[0.0,0.0,0.5714286,0.14285715],"tintindex":0,"rotation":0,"texture":"#0"},"south":{"uv":[0.0,0.0,0.14285715,0.14285715],"tintindex":0,"rotation":0,"texture":"#0"},"north":{"uv":[0.0,0.0,0.14285715,0.14285715],"tintindex":0,"rotation":0,"texture":"#0"},"west":{"uv":[0.0,0.0,0.5714286,0.14285715],"tintindex":0,"rotation":0,"texture":"#0"},"up":{"uv":[0.0,0.0,0.14285715,0.5714286],"tintindex":0,"rotation":0,"texture":"#0"},"down":{"uv":[0.0,0.0,0.14285715,0.5714286],"tintindex":0,"rotation":0,"texture":"#0"}},"rotation":{"origin":[8.0,8.0,8.0],"angle":22.5,"axis":"z"}},{"from":[7.8104,3.4496002,5.156],"to":[8.7584,8.1896,6.104],"faces":{"east":{"uv":[0.0,0.0,0.14285715,0.71428573],"tintindex":0,"rotation":0,"texture":"#0"},"south":{"uv":[0.0,0.0,0.14285715,0.71428573],"tintindex":0,"rotation":0,"texture":"#0"},"north":{"uv":[0.0,0.0,0.14285715,0.71428573],"tintindex":0,"rotation":0,"texture":"#0"},"west":{"uv":[0.0,0.0,0.14285715,0.71428573],"tintindex":0,"rotation":0,"texture":"#0"},"up":{"uv":[0.0,0.0,0.14285715,0.14285715],"tintindex":0,"rotation":0,"texture":"#0"},"down":{"uv":[0.0,0.0,0.14285715,0.14285715],"tintindex":0,"rotation":0,"texture":"#0"}},"rotation":{"origin":[8.0,8.0,8.0],"angle":22.5,"axis":"z"}}],"display":{"gui":{"rotation":[30,225,0]}}}