{"textures":{"0":"modelengine:entity/pink_green_crate_texture"},"elements":[{"from":[8.7584,-4.1344004,6.104],"to":[9.706401,-3.1864004,9.896],"faces":{"east":{"uv":[0.0,0.0,0.5714286,0.14285715],"tintindex":0,"rotation":0,"texture":"#0"},"south":{"uv":[0.0,0.0,0.14285715,0.14285715],"tintindex":0,"rotation":0,"texture":"#0"},"north":{"uv":[0.0,0.0,0.14285715,0.14285715],"tintindex":0,"rotation":0,"texture":"#0"},"west":{"uv":[0.0,0.0,0.5714286,0.14285715],"tintindex":0,"rotation":0,"texture":"#0"},"up":{"uv":[0.0,0.0,0.14285715,0.5714286],"tintindex":0,"rotation":0,"texture":"#0"},"down":{"uv":[0.0,0.0,0.14285715,0.5714286],"tintindex":0,"rotation":0,"texture":"#0"}},"rotation":{"origin":[28.855999,8.0,8.0],"angle":-22.5,"axis":"z"}},{"from":[8.7584,-0.34240055,6.104],"to":[9.706401,0.6055994,9.896],"faces":{"east":{"uv":[0.0,0.0,0.5714286,0.14285715],"tintindex":0,"rotation":0,"texture":"#0"},"south":{"uv":[0.0,0.0,0.14285715,0.14285715],"tintindex":0,"rotation":0,"texture":"#0"},"north":{"uv":[0.0,0.0,0.14285715,0.14285715],"tintindex":0,"rotation":0,"texture":"#0"},"west":{"uv":[0.0,0.0,0.5714286,0.14285715],"tintindex":0,"rotation":0,"texture":"#0"},"up":{"uv":[0.0,0.0,0.14285715,0.5714286],"tintindex":0,"rotation":0,"texture":"#0"},"down":{"uv":[0.0,0.0,0.14285715,0.5714286],"tintindex":0,"rotation":0,"texture":"#0"}},"rotation":{"origin":[28.855999,8.0,8.0],"angle":-22.5,"axis":"z"}},{"from":[8.7584,-4.1344004,9.896],"to":[9.706401,0.6055994,10.844],"faces":{"east":{"uv":[0.0,0.0,0.14285715,0.71428573],"tintindex":0,"rotation":0,"texture":"#0"},"south":{"uv":[0.0,0.0,0.14285715,0.71428573],"tintindex":0,"rotation":0,"texture":"#0"},"north":{"uv":[0.0,0.0,0.14285715,0.71428573],"tintindex":0,"rotation":0,"texture":"#0"},"west":{"uv":[0.0,0.0,0.14285715,0.71428573],"tintindex":0,"rotation":0,"texture":"#0"},"up":{"uv":[0.0,0.0,0.14285715,0.14285715],"tintindex":0,"rotation":0,"texture":"#0"},"down":{"uv":[0.0,0.0,0.14285715,0.14285715],"tintindex":0,"rotation":0,"texture":"#0"}},"rotation":{"origin":[28.855999,8.0,8.0],"angle":-22.5,"axis":"z"}},{"from":[8.7584,-4.1344004,5.156],"to":[9.706401,0.6055994,6.104],"faces":{"east":{"uv":[0.0,0.0,0.14285715,0.71428573],"tintindex":0,"rotation":0,"texture":"#0"},"south":{"uv":[0.0,0.0,0.14285715,0.71428573],"tintindex":0,"rotation":0,"texture":"#0"},"north":{"uv":[0.0,0.0,0.14285715,0.71428573],"tintindex":0,"rotation":0,"texture":"#0"},"west":{"uv":[0.0,0.0,0.14285715,0.71428573],"tintindex":0,"rotation":0,"texture":"#0"},"up":{"uv":[0.0,0.0,0.14285715,0.14285715],"tintindex":0,"rotation":0,"texture":"#0"},"down":{"uv":[0.0,0.0,0.14285715,0.14285715],"tintindex":0,"rotation":0,"texture":"#0"}},"rotation":{"origin":[28.855999,8.0,8.0],"angle":-22.5,"axis":"z"}}],"display":{"gui":{"rotation":[30,225,0]}}}