{"textures":{"0":"modelengine:entity/blue_light_blue_crate_texture"},"elements":[{"from":[7.819071,7.2416,6.1320915],"to":[8.767071,8.1896,9.924091],"faces":{"east":{"uv":[0.0,0.0,0.5714286,0.14285715],"tintindex":0,"rotation":0,"texture":"#0"},"south":{"uv":[0.0,0.0,0.14285715,0.14285715],"tintindex":0,"rotation":0,"texture":"#0"},"north":{"uv":[0.0,0.0,0.14285715,0.14285715],"tintindex":0,"rotation":0,"texture":"#0"},"west":{"uv":[0.0,0.0,0.5714286,0.14285715],"tintindex":0,"rotation":0,"texture":"#0"},"up":{"uv":[0.0,0.0,0.14285715,0.5714286],"tintindex":0,"rotation":0,"texture":"#0"},"down":{"uv":[0.0,0.0,0.14285715,0.5714286],"tintindex":0,"rotation":0,"texture":"#0"}},"rotation":{"origin":[8.008671,8.0,8.028091],"angle":22.5,"axis":"z"}},{"from":[7.819071,3.4496002,9.924091],"to":[8.767071,8.1896,10.872091],"faces":{"east":{"uv":[0.0,0.0,0.14285715,0.71428573],"tintindex":0,"rotation":0,"texture":"#0"},"south":{"uv":[0.0,0.0,0.14285715,0.71428573],"tintindex":0,"rotation":0,"texture":"#0"},"north":{"uv":[0.0,0.0,0.14285715,0.71428573],"tintindex":0,"rotation":0,"texture":"#0"},"west":{"uv":[0.0,0.0,0.14285715,0.71428573],"tintindex":0,"rotation":0,"texture":"#0"},"up":{"uv":[0.0,0.0,0.14285715,0.14285715],"tintindex":0,"rotation":0,"texture":"#0"},"down":{"uv":[0.0,0.0,0.14285715,0.14285715],"tintindex":0,"rotation":0,"texture":"#0"}},"rotation":{"origin":[8.008671,8.0,8.028091],"angle":22.5,"axis":"z"}},{"from":[7.819071,3.4496002,6.1320915],"to":[8.767071,4.3976007,9.924091],"faces":{"east":{"uv":[0.0,0.0,0.5714286,0.14285715],"tintindex":0,"rotation":0,"texture":"#0"},"south":{"uv":[0.0,0.0,0.14285715,0.14285715],"tintindex":0,"rotation":0,"texture":"#0"},"north":{"uv":[0.0,0.0,0.14285715,0.14285715],"tintindex":0,"rotation":0,"texture":"#0"},"west":{"uv":[0.0,0.0,0.5714286,0.14285715],"tintindex":0,"rotation":0,"texture":"#0"},"up":{"uv":[0.0,0.0,0.14285715,0.5714286],"tintindex":0,"rotation":0,"texture":"#0"},"down":{"uv":[0.0,0.0,0.14285715,0.5714286],"tintindex":0,"rotation":0,"texture":"#0"}},"rotation":{"origin":[8.008671,8.0,8.028091],"angle":22.5,"axis":"z"}},{"from":[7.819071,3.4496002,5.1840916],"to":[8.767071,8.1896,6.1320915],"faces":{"east":{"uv":[0.0,0.0,0.14285715,0.71428573],"tintindex":0,"rotation":0,"texture":"#0"},"south":{"uv":[0.0,0.0,0.14285715,0.71428573],"tintindex":0,"rotation":0,"texture":"#0"},"north":{"uv":[0.0,0.0,0.14285715,0.71428573],"tintindex":0,"rotation":0,"texture":"#0"},"west":{"uv":[0.0,0.0,0.14285715,0.71428573],"tintindex":0,"rotation":0,"texture":"#0"},"up":{"uv":[0.0,0.0,0.14285715,0.14285715],"tintindex":0,"rotation":0,"texture":"#0"},"down":{"uv":[0.0,0.0,0.14285715,0.14285715],"tintindex":0,"rotation":0,"texture":"#0"}},"rotation":{"origin":[8.008671,8.0,8.028091],"angle":22.5,"axis":"z"}}],"display":{"gui":{"rotation":[30,225,0]}}}