{"textures":{"0":"modelengine:entity/carolla"},"elements":[{"from":[0.23392153,5.0588827,0.11161804],"to":[15.874773,8.0590725,15.129278],"faces":{"east":{"uv":[3.375,8.375,1.75,8.6875],"tintindex":0,"rotation":0,"texture":"#0"},"south":{"uv":[9.4375,8.25,7.75,8.5625],"tintindex":0,"rotation":0,"texture":"#0"},"north":{"uv":[1.6875,8.375,0.0,8.6875],"tintindex":0,"rotation":0,"texture":"#0"},"west":{"uv":[8.75,8.625,7.125,8.9375],"tintindex":0,"rotation":0,"texture":"#0"},"up":{"uv":[5.1875,2.75,3.5,4.375],"tintindex":0,"rotation":0,"texture":"#0"},"down":{"uv":[1.6875,5.375,0.0,3.75],"tintindex":0,"rotation":0,"texture":"#0"}}},{"from":[-4.1260405,7.1995535,9.591265],"to":[0.74760294,8.033559,12.443285],"faces":{"east":{"uv":[14.5625,6.25,14.125,6.3125],"tintindex":0,"rotation":0,"texture":"#0"},"south":{"uv":[14.625,11.75,14.25,11.8125],"tintindex":0,"rotation":0,"texture":"#0"},"north":{"uv":[14.625,11.875,14.25,11.9375],"tintindex":0,"rotation":0,"texture":"#0"},"west":{"uv":[6.8125,14.125,6.375,14.1875],"tintindex":0,"rotation":0,"texture":"#0"},"up":{"uv":[11.25,4.125,10.875,4.5625],"tintindex":0,"rotation":0,"texture":"#0"},"down":{"uv":[6.75,11.3125,6.375,10.875],"tintindex":0,"rotation":0,"texture":"#0"}}},{"from":[15.19805,7.1995535,9.591265],"to":[20.071693,8.033559,12.443285],"faces":{"east":{"uv":[6.375,14.125,6.8125,14.1875],"tintindex":0,"rotation":0,"texture":"#0"},"south":{"uv":[14.25,11.75,14.625,11.8125],"tintindex":0,"rotation":0,"texture":"#0"},"north":{"uv":[14.25,11.875,14.625,11.9375],"tintindex":0,"rotation":0,"texture":"#0"},"west":{"uv":[14.125,6.25,14.5625,6.3125],"tintindex":0,"rotation":0,"texture":"#0"},"up":{"uv":[10.875,4.125,11.25,4.5625],"tintindex":0,"rotation":0,"texture":"#0"},"down":{"uv":[6.375,11.3125,6.75,10.875],"tintindex":0,"rotation":0,"texture":"#0"}}}],"display":{"gui":{"rotation":[30,225,0]}}}