{"textures":{"0":"modelengine:entity/carolla"},"elements":[{"from":[-13.510582,4.833994,16.838009],"to":[30.219034,6.728014,22.97208],"faces":{"east":{"uv":[14.0625,8.875,13.75,9.0],"tintindex":0,"rotation":0,"texture":"#0"},"south":{"uv":[12.125,2.5,9.75,2.625],"tintindex":0,"rotation":0,"texture":"#0"},"north":{"uv":[12.25,6.625,9.875,6.75],"tintindex":0,"rotation":0,"texture":"#0"},"west":{"uv":[14.0625,9.0,13.75,9.125],"tintindex":0,"rotation":0,"texture":"#0"},"up":{"uv":[9.5,3.75,7.125,4.0625],"tintindex":0,"rotation":0,"texture":"#0"},"down":{"uv":[2.375,7.5625,0.0,7.25],"tintindex":0,"rotation":0,"texture":"#0"}},"rotation":{"origin":[8.354227,5.781004,19.90504],"angle":22.5,"axis":"x"}},{"from":[24.50783,5.577368,18.692822],"to":[29.268576,8.7446785,23.23528],"faces":{"east":{"uv":[13.75,6.125,13.5,6.3125],"tintindex":0,"rotation":0,"texture":"#0"},"south":{"uv":[6.375,13.5,6.125,13.6875],"tintindex":0,"rotation":0,"texture":"#0"},"north":{"uv":[6.625,13.5,6.375,13.6875],"tintindex":0,"rotation":0,"texture":"#0"},"west":{"uv":[6.875,13.5,6.625,13.6875],"tintindex":0,"rotation":0,"texture":"#0"},"up":{"uv":[4.5,12.5,4.25,12.75],"tintindex":0,"rotation":0,"texture":"#0"},"down":{"uv":[4.75,12.75,4.5,12.5],"tintindex":0,"rotation":0,"texture":"#0"}}},{"from":[-14.258879,8.760595,19.75153],"to":[-9.498133,10.33629,24.293995],"faces":{"east":{"uv":[14.875,2.5,14.625,2.5625],"tintindex":0,"rotation":0,"texture":"#0"},"south":{"uv":[14.875,0.75,14.625,0.8125],"tintindex":0,"rotation":0,"texture":"#0"},"north":{"uv":[5.75,14.625,5.5,14.6875],"tintindex":0,"rotation":0,"texture":"#0"},"west":{"uv":[6.0,14.625,5.75,14.6875],"tintindex":0,"rotation":0,"texture":"#0"},"up":{"uv":[1.0,10.75,0.75,11.0],"tintindex":0,"rotation":0,"texture":"#0"},"down":{"uv":[1.375,12.75,1.125,12.5],"tintindex":0,"rotation":0,"texture":"#0"}},"rotation":{"origin":[-11.878506,9.548443,22.022762],"angle":22.5,"axis":"y"}},{"from":[-13.9759655,6.2422466,8.329754],"to":[29.75365,7.897524,17.647053],"faces":{"east":{"uv":[14.625,5.25,14.125,5.3125],"tintindex":0,"rotation":0,"texture":"#0"},"south":{"uv":[12.75,9.25,10.375,9.3125],"tintindex":0,"rotation":0,"texture":"#0"},"north":{"uv":[13.125,8.625,10.75,8.6875],"tintindex":0,"rotation":0,"texture":"#0"},"west":{"uv":[14.625,5.375,14.125,5.4375],"tintindex":0,"rotation":0,"texture":"#0"},"up":{"uv":[7.625,5.0,5.25,5.5],"tintindex":0,"rotation":0,"texture":"#0"},"down":{"uv":[2.375,6.0,0.0,5.5],"tintindex":0,"rotation":0,"texture":"#0"}}},{"from":[-11.292841,0.19864655,24.483814],"to":[28.001295,3.7861404,26.934902],"faces":{"east":{"uv":[14.5,1.375,14.375,1.5625],"tintindex":0,"rotation":0,"texture":"#0"},"south":{"uv":[7.125,9.25,5.0,9.4375],"tintindex":0,"rotation":0,"texture":"#0"},"north":{"uv":[9.25,9.375,7.125,9.5625],"tintindex":0,"rotation":0,"texture":"#0"},"west":{"uv":[14.5,1.625,14.375,1.8125],"tintindex":0,"rotation":0,"texture":"#0"},"up":{"uv":[12.125,6.0,10.0,6.125],"tintindex":0,"rotation":0,"texture":"#0"},"down":{"uv":[12.25,1.5,10.125,1.375],"tintindex":0,"rotation":0,"texture":"#0"}},"rotation":{"origin":[8.354227,1.9923935,25.709362],"angle":22.5,"axis":"x"}},{"from":[23.715485,8.760595,21.480114],"to":[28.39567,10.33629,26.10352],"faces":{"east":{"uv":[9.5,14.625,9.75,14.6875],"tintindex":0,"rotation":0,"texture":"#0"},"south":{"uv":[9.0,14.625,9.25,14.6875],"tintindex":0,"rotation":0,"texture":"#0"},"north":{"uv":[9.25,14.625,9.5,14.6875],"tintindex":0,"rotation":0,"texture":"#0"},"west":{"uv":[14.625,9.0,14.875,9.0625],"tintindex":0,"rotation":0,"texture":"#0"},"up":{"uv":[7.375,12.5,7.625,12.75],"tintindex":0,"rotation":0,"texture":"#0"},"down":{"uv":[12.5,8.125,12.75,7.875],"tintindex":0,"rotation":0,"texture":"#0"}},"rotation":{"origin":[26.055578,9.548443,23.791813],"angle":22.5,"axis":"y"}},{"from":[25.391802,8.760595,19.75153],"to":[30.152548,10.33629,24.293995],"faces":{"east":{"uv":[5.75,14.625,6.0,14.6875],"tintindex":0,"rotation":0,"texture":"#0"},"south":{"uv":[14.625,0.75,14.875,0.8125],"tintindex":0,"rotation":0,"texture":"#0"},"north":{"uv":[5.5,14.625,5.75,14.6875],"tintindex":0,"rotation":0,"texture":"#0"},"west":{"uv":[14.625,2.5,14.875,2.5625],"tintindex":0,"rotation":0,"texture":"#0"},"up":{"uv":[0.75,10.75,1.0,11.0],"tintindex":0,"rotation":0,"texture":"#0"},"down":{"uv":[1.125,12.75,1.375,12.5],"tintindex":0,"rotation":0,"texture":"#0"}},"rotation":{"origin":[27.772175,9.548443,22.022762],"angle":-22.5,"axis":"y"}},{"from":[-8.884596,8.760595,22.199657],"to":[24.943037,10.33629,26.823063],"faces":{"east":{"uv":[10.0,14.625,9.75,14.6875],"tintindex":0,"rotation":0,"texture":"#0"},"south":{"uv":[13.5625,4.375,11.75,4.4375],"tintindex":0,"rotation":0,"texture":"#0"},"north":{"uv":[13.5625,5.5,11.75,5.5625],"tintindex":0,"rotation":0,"texture":"#0"},"west":{"uv":[10.25,14.625,10.0,14.6875],"tintindex":0,"rotation":0,"texture":"#0"},"up":{"uv":[10.8125,4.125,9.0,4.375],"tintindex":0,"rotation":0,"texture":"#0"},"down":{"uv":[10.8125,4.625,9.0,4.375],"tintindex":0,"rotation":0,"texture":"#0"}}},{"from":[-12.502001,8.760595,21.480114],"to":[-7.8218164,10.33629,26.10352],"faces":{"east":{"uv":[14.875,9.0,14.625,9.0625],"tintindex":0,"rotation":0,"texture":"#0"},"south":{"uv":[9.25,14.625,9.0,14.6875],"tintindex":0,"rotation":0,"texture":"#0"},"north":{"uv":[9.5,14.625,9.25,14.6875],"tintindex":0,"rotation":0,"texture":"#0"},"west":{"uv":[9.75,14.625,9.5,14.6875],"tintindex":0,"rotation":0,"texture":"#0"},"up":{"uv":[7.625,12.5,7.375,12.75],"tintindex":0,"rotation":0,"texture":"#0"},"down":{"uv":[12.75,8.125,12.5,7.875],"tintindex":0,"rotation":0,"texture":"#0"}},"rotation":{"origin":[-10.161909,9.548443,23.791813],"angle":-22.5,"axis":"y"}},{"from":[-15.018618,8.760595,16.31908],"to":[-10.257872,10.33629,20.861538],"faces":{"east":{"uv":[6.5,14.625,6.25,14.6875],"tintindex":0,"rotation":0,"texture":"#0"},"south":{"uv":[6.25,14.625,6.0,14.6875],"tintindex":0,"rotation":0,"texture":"#0"},"north":{"uv":[14.875,6.25,14.625,6.3125],"tintindex":0,"rotation":0,"texture":"#0"},"west":{"uv":[6.75,14.625,6.5,14.6875],"tintindex":0,"rotation":0,"texture":"#0"},"up":{"uv":[1.625,12.5,1.375,12.75],"tintindex":0,"rotation":0,"texture":"#0"},"down":{"uv":[12.75,1.875,12.5,1.625],"tintindex":0,"rotation":0,"texture":"#0"}}},{"from":[26.15154,8.760595,16.31908],"to":[30.912287,10.33629,20.861538],"faces":{"east":{"uv":[6.5,14.625,6.75,14.6875],"tintindex":0,"rotation":0,"texture":"#0"},"south":{"uv":[6.0,14.625,6.25,14.6875],"tintindex":0,"rotation":0,"texture":"#0"},"north":{"uv":[14.625,6.25,14.875,6.3125],"tintindex":0,"rotation":0,"texture":"#0"},"west":{"uv":[6.25,14.625,6.5,14.6875],"tintindex":0,"rotation":0,"texture":"#0"},"up":{"uv":[1.375,12.5,1.625,12.75],"tintindex":0,"rotation":0,"texture":"#0"},"down":{"uv":[12.5,1.875,12.75,1.625],"tintindex":0,"rotation":0,"texture":"#0"}}},{"from":[-13.394236,1.8291168,21.84071],"to":[30.10269,5.575775,23.893894],"faces":{"east":{"uv":[14.5,0.875,14.375,1.0625],"tintindex":0,"rotation":0,"texture":"#0"},"south":{"uv":[8.625,9.0,6.25,9.1875],"tintindex":0,"rotation":0,"texture":"#0"},"north":{"uv":[11.5,2.625,9.125,2.8125],"tintindex":0,"rotation":0,"texture":"#0"},"west":{"uv":[1.125,14.375,1.0,14.5625],"tintindex":0,"rotation":0,"texture":"#0"},"up":{"uv":[12.25,6.75,9.875,6.875],"tintindex":0,"rotation":0,"texture":"#0"},"down":{"uv":[12.25,7.0,9.875,6.875],"tintindex":0,"rotation":0,"texture":"#0"}},"rotation":{"origin":[8.354227,3.702446,22.867306],"angle":-22.5,"axis":"x"}},{"from":[-13.277889,1.1400185,23.504345],"to":[29.986343,4.886675,25.55753],"faces":{"east":{"uv":[1.25,14.375,1.125,14.5625],"tintindex":0,"rotation":0,"texture":"#0"},"south":{"uv":[11.5,2.875,9.125,3.0625],"tintindex":0,"rotation":0,"texture":"#0"},"north":{"uv":[11.5,3.125,9.125,3.3125],"tintindex":0,"rotation":0,"texture":"#0"},"west":{"uv":[14.5,1.125,14.375,1.3125],"tintindex":0,"rotation":0,"texture":"#0"},"up":{"uv":[12.25,7.0,9.875,7.125],"tintindex":0,"rotation":0,