{"textures":{"0":"modelengine:entity/carolla"},"elements":[{"from":[-9.362339,-0.16424751,-12.876642],"to":[25.383251,3.52606,-0.016409874],"faces":{"east":{"uv":[11.375,5.625,12.0625,5.8125],"tintindex":0,"rotation":0,"texture":"#0"},"south":{"uv":[11.375,4.625,9.625,4.8125],"tintindex":0,"rotation":0,"texture":"#0"},"north":{"uv":[11.375,4.875,9.625,5.0625],"tintindex":0,"rotation":0,"texture":"#0"},"west":{"uv":[12.0625,5.625,11.375,5.8125],"tintindex":0,"rotation":0,"texture":"#0"},"up":{"uv":[3.5,4.75,1.75,5.4375],"tintindex":0,"rotation":0,"texture":"#0"},"down":{"uv":[7.0,4.9375,5.25,4.25],"tintindex":0,"rotation":0,"texture":"#0"}},"rotation":{"origin":[8.010456,1.6809063,-6.4465265],"angle":-22.5,"axis":"x"}},{"from":[-10.54842,3.2469482,1.6536627],"to":[26.85003,7.5124702,9.579894],"faces":{"east":{"uv":[12.3125,2.875,11.875,3.125],"tintindex":0,"rotation":0,"texture":"#0"},"south":{"uv":[10.6875,8.625,8.75,8.875],"tintindex":0,"rotation":0,"texture":"#0"},"north":{"uv":[6.1875,8.875,4.25,9.125],"tintindex":0,"rotation":0,"texture":"#0"},"west":{"uv":[5.4375,11.875,5.0,12.125],"tintindex":0,"rotation":0,"texture":"#0"},"up":{"uv":[8.0625,6.75,6.125,7.1875],"tintindex":0,"rotation":0,"texture":"#0"},"down":{"uv":[8.9375,4.6875,7.0,4.25],"tintindex":0,"rotation":0,"texture":"#0"}},"rotation":{"origin":[8.1508045,5.3797092,5.6167784],"angle":-22.5,"axis":"x"}},{"from":[-9.362339,1.9233055,-1.2119846],"to":[25.383253,5.846304,1.1436024],"faces":{"east":{"uv":[12.625,14.25,12.75,14.4375],"tintindex":0,"rotation":0,"texture":"#0"},"south":{"uv":[11.375,5.125,9.625,5.3125],"tintindex":0,"rotation":0,"texture":"#0"},"north":{"uv":[11.375,5.375,9.625,5.5625],"tintindex":0,"rotation":0,"texture":"#0"},"west":{"uv":[12.75,14.25,12.625,14.4375],"tintindex":0,"rotation":0,"texture":"#0"},"up":{"uv":[1.75,5.375,0.0,5.5],"tintindex":0,"rotation":0,"texture":"#0"},"down":{"uv":[5.25,5.5,3.5,5.375],"tintindex":0,"rotation":0,"texture":"#0"}}},{"from":[-10.54842,0.47712898,-4.568384],"to":[26.85003,3.4693623,3.3578477],"faces":{"east":{"uv":[12.6875,4.75,12.25,4.9375],"tintindex":0,"rotation":0,"texture":"#0"},"south":{"uv":[11.4375,3.875,9.5,4.0625],"tintindex":0,"rotation":0,"texture":"#0"},"north":{"uv":[11.4375,6.125,9.5,6.3125],"tintindex":0,"rotation":0,"texture":"#0"},"west":{"uv":[12.6875,5.0,12.25,5.1875],"tintindex":0,"rotation":0,"texture":"#0"},"up":{"uv":[9.0625,2.75,7.125,3.1875],"tintindex":0,"rotation":0,"texture":"#0"},"down":{"uv":[9.0625,3.6875,7.125,3.25],"tintindex":0,"rotation":0,"texture":"#0"}},"rotation":{"origin":[8.150805,1.9732456,-0.6052685],"angle":-45.0,"axis":"x"}}],"display":{"gui":{"rotation":[30,225,0]}}}