{"textures":{"0":"modelengine:entity/carolla"},"elements":[{"from":[1.800642,12.65234,13.185217],"to":[6.345583,16.255733,14.738799],"faces":{"east":{"uv":[14.8125,5.875,14.75,6.0625],"tintindex":0,"rotation":0,"texture":"#0"},"south":{"uv":[3.875,13.5,3.625,13.6875],"tintindex":0,"rotation":0,"texture":"#0"},"north":{"uv":[4.125,13.5,3.875,13.6875],"tintindex":0,"rotation":0,"texture":"#0"},"west":{"uv":[6.0625,14.75,6.0,14.9375],"tintindex":0,"rotation":0,"texture":"#0"},"up":{"uv":[9.875,14.375,9.625,14.4375],"tintindex":0,"rotation":0,"texture":"#0"},"down":{"uv":[10.625,14.4375,10.375,14.375],"tintindex":0,"rotation":0,"texture":"#0"}},"rotation":{"origin":[4.0731125,14.454037,13.962008],"angle":22.5,"axis":"y"}},{"from":[8.339209,19.019468,9.910758],"to":[10.55723,20.01645,28.53581],"faces":{"east":{"uv":[12.5,1.5,13.5,1.5625],"tintindex":0,"rotation":0,"texture":"#0"},"south":{"uv":[14.875,7.25,15.0,7.3125],"tintindex":0,"rotation":0,"texture":"#0"},"north":{"uv":[7.375,14.875,7.5,14.9375],"tintindex":0,"rotation":0,"texture":"#0"},"west":{"uv":[12.5,1.125,13.5,1.1875],"tintindex":0,"rotation":0,"texture":"#0"},"up":{"uv":[4.375,11.5,4.5,12.5],"tintindex":0,"rotation":0,"texture":"#0"},"down":{"uv":[4.5,12.5,4.625,11.5],"tintindex":0,"rotation":0,"texture":"#0"}},"rotation":{"origin":[9.448219,19.51796,19.223284],"angle":-22.5,"axis":"x"}},{"from":[6.943058,11.6052265,8.397607],"to":[8.463001,14.743237,12.045416],"faces":{"east":{"uv":[14.0625,11.125,13.875,11.3125],"tintindex":0,"rotation":0,"texture":"#0"},"south":{"uv":[5.5625,14.75,5.5,14.9375],"tintindex":0,"rotation":0,"texture":"#0"},"north":{"uv":[5.6875,14.75,5.625,14.9375],"tintindex":0,"rotation":0,"texture":"#0"},"west":{"uv":[11.5625,13.875,11.375,14.0625],"tintindex":0,"rotation":0,"texture":"#0"},"up":{"uv":[5.8125,14.75,5.75,14.9375],"tintindex":0,"rotation":0,"texture":"#0"},"down":{"uv":[5.9375,14.9375,5.875,14.75],"tintindex":0,"rotation":0,"texture":"#0"}},"rotation":{"origin":[7.7030296,13.174231,10.221512],"angle":45.0,"axis":"x"}},{"from":[5.0367565,12.768686,9.568706],"to":[7.7201595,14.510544,11.3549795],"faces":{"east":{"uv":[15.0,4.0,14.875,4.0625],"tintindex":0,"rotation":0,"texture":"#0"},"south":{"uv":[4.125,14.875,4.0,14.9375],"tintindex":0,"rotation":0,"texture":"#0"},"north":{"uv":[4.25,14.875,4.125,14.9375],"tintindex":0,"rotation":0,"texture":"#0"},"west":{"uv":[15.0,4.125,14.875,4.1875],"tintindex":0,"rotation":0,"texture":"#0"},"up":{"uv":[9.125,2.625,9.0,2.75],"tintindex":0,"rotation":0,"texture":"#0"},"down":{"uv":[8.75,9.125,8.625,9.0],"tintindex":0,"rotation":0,"texture":"#0"}},"rotation":{"origin":[6.378458,13.639614,10.461843],"angle":22.5,"axis":"y"}},{"from":[0.9740143,12.535994,12.4317875],"to":[6.2170296,16.37208,14.276235],"faces":{"east":{"uv":[10.375,14.25,10.25,14.4375],"tintindex":0,"rotation":0,"texture":"#0"},"south":{"uv":[12.9375,7.125,12.625,7.3125],"tintindex":0,"rotation":0,"texture":"#0"},"north":{"uv":[12.9375,9.0,12.625,9.1875],"tintindex":0,"rotation":0,"texture":"#0"},"west":{"uv":[14.375,10.5,14.25,10.6875],"tintindex":0,"rotation":0,"texture":"#0"},"up":{"uv":[14.0625,4.25,13.75,4.375],"tintindex":0,"rotation":0,"texture":"#0"},"down":{"uv":[4.8125,13.875,4.5,13.75],"tintindex":0,"rotation":0,"texture":"#0"}},"rotation":{"origin":[3.595522,14.454037,13.354012],"angle":45.0,"axis":"y"}},{"from":[8.339209,11.761137,30.981743],"to":[10.55723,23.542255,31.35418],"faces":{"east":{"uv":[7.625,13.75,7.6875,14.375],"tintindex":0,"rotation":0,"texture":"#0"},"south":{"uv":[2.875,12.25,3.0,12.875],"tintindex":0,"rotation":0,"texture":"#0"},"north":{"uv":[4.875,12.25,5.0,12.875],"tintindex":0,"rotation":0,"texture":"#0"},"west":{"uv":[7.5,13.75,7.5625,14.375],"tintindex":0,"rotation":0,"texture":"#0"},"up":{"uv":[14.875,7.5,15.0,7.5625],"tintindex":0,"rotation":0,"texture":"#0"},"down":{"uv":[7.625,14.9375,7.75,14.875],"tintindex":0,"rotation":0,"texture":"#0"}}},{"from":[8.339209,22.545273,27.636173],"to":[10.55723,23.542255,30.981743],"faces":{"east":{"uv":[14.75,2.375,14.9375,2.4375],"tintindex":0,"rotation":0,"texture":"#0"},"south":{"uv":[14.875,7.375,15.0,7.4375],"tintindex":0,"rotation":0,"texture":"#0"},"north":{"uv":[7.5,14.875,7.625,14.9375],"tintindex":0,"rotation":0,"texture":"#0"},"west":{"uv":[14.75,2.125,14.9375,2.1875],"tintindex":0,"rotation":0,"texture":"#0"},"up":{"uv":[11.25,14.25,11.375,14.4375],"tintindex":0,"rotation":0,"texture":"#0"},"down":{"uv":[14.25,11.4375,14.375,11.25],"tintindex":0,"rotation":0,"texture":"#0"}}},{"from":[8.339209,10.788841,9.309803],"to":[10.55723,16.515781,9.920982],"faces":{"east":{"uv":[2.125,14.5,2.1875,14.8125],"tintindex":0,"rotation":0,"texture":"#0"},"south":{"uv":[7.25,13.75,7.375,14.0625],"tintindex":0,"rotation":0,"texture":"#0"},"north":{"uv":[7.375,13.75,7.5,14.0625],"tintindex":0,"rotation":0,"texture":"#0"},"west":{"uv":[2.0,14.5,2.0625,14.8125],"tintindex":0,"rotation":0,"texture":"#0"},"up":{"uv":[7.125,14.875,7.25,14.9375],"tintindex":0,"rotation":0,"texture":"#0"},"down":{"uv":[14.875,7.1875,15.0,7.125],"tintindex":0,"rotation":0,"texture":"#0"}},"rotation":{"origin":[9.448219,13.652311,9.615393],"angle":22.5,"axis":"x"}},{"from":[8.339209,11.165651,8.897068],"to":[10.55723,12.442125,31.392923],"faces":{"east":{"uv":[12.375,2.25,13.5625,2.3125],"tintindex":0,"rotation":0,"texture":"#0"},"south":{"uv":[7.0,14.875,7.125,14.9375],"tintindex":0,"rotation":0,"texture":"#0"},"north":{"uv":[14.875,7.0,15.0,7.0625],"tintindex":0,"rotation":0,"texture":"#0"},"west":{"uv":[12.375,2.125,13.5625,2.1875],"tintindex":0,"rotation":0,"texture":"#0"},"up":{"uv":[1.875,11.375,2.0,12.5625],"tintindex":0,"rotation":0,"texture":"#0"},"down":{"uv":[2.0,12.5625,2.125,11.375],"tintindex":0,"rotation":0,"texture":"#0"}}},{"from":[8.339209,0.82016754,8.021681],"to":[10.55723,11.168835,31.392923],"faces":{"east":{"uv":[7.5,0.0,8.75,0.5625],"tintindex":0,"rotation":0,"texture":"#0"},"south":{"uv":[6.375,12.375,6.5,12.9375],"tintindex":0,"rotation":0,"texture":"#0"},"north":{"uv":[6.5,12.375,6.625,12.9375],"tintindex":0,"rotation":0,"texture":"#0"},"west":{"uv":[6.75,7.25,8.0,7.8125],"tintindex":0,"rotation":0,"texture":"#0"},"up":{"uv":[10.375,11.0,10.5,12.25],"tintindex":0,"rotation":0,"texture":"#0"},"down":{"uv":[3.5,12.375,3.625,11.125],"tintindex":0,"rotation":0,"texture":"#0"}}}],"display":{"gui":{"rotation":[30,225,0]}}}