{"textures":{"0":"modelengine:entity/carolla"},"elements":[{"from":[9.675185,1.039206,3.9473891],"to":[9.98544,1.3494616,5.4986687],"faces":{"east":{"uv":[1.0,0.0,2.0,0.2],"tintindex":0,"rotation":0,"texture":"#0"},"south":{"uv":[0.2,0.0,0.4,0.2],"tintindex":0,"rotation":0,"texture":"#0"},"north":{"uv":[0.2,0.0,0.4,0.2],"tintindex":0,"rotation":0,"texture":"#0"},"west":{"uv":[1.0,0.0,2.0,0.2],"tintindex":0,"rotation":0,"texture":"#0"},"up":{"uv":[0.0,1.0,0.2,2.0],"tintindex":0,"rotation":0,"texture":"#0"},"down":{"uv":[0.0,1.0,0.2,2.0],"tintindex":0,"rotation":0,"texture":"#0"}},"rotation":{"origin":[9.830313,1.194334,4.723029],"angle":-22.5,"axis":"x"}},{"from":[2.994563,4.343992,16.243488],"to":[13.329485,8.238137,17.394756],"faces":{"east":{"uv":[9.8125,11.5,9.625,12.125],"tintindex":0,"rotation":0,"texture":"#0"},"south":{"uv":[5.9375,6.125,4.25,6.75],"tintindex":0,"rotation":0,"texture":"#0"},"north":{"uv":[7.8125,5.5,6.125,6.125],"tintindex":0,"rotation":0,"texture":"#0"},"west":{"uv":[6.1875,11.75,6.0,12.375],"tintindex":0,"rotation":0,"texture":"#0"},"up":{"uv":[11.4375,2.25,9.75,2.4375],"tintindex":0,"rotation":0,"texture":"#0"},"down":{"uv":[11.4375,7.3125,9.75,7.125],"tintindex":0,"rotation":0,"texture":"#0"}},"rotation":{"origin":[4.8387356,1.6488771,10.02659],"angle":22.5,"axis":"x"}},{"from":[3.7835546,4.1265593,6.4458804],"to":[4.40623,4.476931,6.822779],"faces":{"east":{"uv":[13.625,13.875,13.8125,14.0625],"tintindex":0,"rotation":0,"texture":"#0"},"south":{"uv":[13.0,14.25,13.125,14.4375],"tintindex":0,"rotation":0,"texture":"#0"},"north":{"uv":[13.125,14.25,13.25,14.4375],"tintindex":0,"rotation":0,"texture":"#0"},"west":{"uv":[13.875,13.125,14.0625,13.3125],"tintindex":0,"rotation":0,"texture":"#0"},"up":{"uv":[13.25,14.25,13.375,14.4375],"tintindex":0,"rotation":0,"texture":"#0"},"down":{"uv":[13.375,14.4375,13.5,14.25],"tintindex":0,"rotation":0,"texture":"#0"}},"rotation":{"origin":[4.0948925,4.3017454,6.63433],"angle":-22.5,"axis":"x"}},{"from":[2.994563,0.78324366,14.123302],"to":[13.329485,1.9345102,18.547987],"faces":{"east":{"uv":[12.1875,3.125,11.5,3.3125],"tintindex":0,"rotation":0,"texture":"#0"},"south":{"uv":[11.3125,5.625,9.625,5.8125],"tintindex":0,"rotation":0,"texture":"#0"},"north":{"uv":[8.3125,9.625,6.625,9.8125],"tintindex":0,"rotation":0,"texture":"#0"},"west":{"uv":[12.1875,3.625,11.5,3.8125],"tintindex":0,"rotation":0,"texture":"#0"},"up":{"uv":[7.4375,0.0,5.75,0.6875],"tintindex":0,"rotation":0,"texture":"#0"},"down":{"uv":[7.4375,1.4375,5.75,0.75],"tintindex":0,"rotation":0,"texture":"#0"}}},{"from":[10.309983,0.4860611,8.744706],"to":[12.307186,1.7434349,11.153347],"faces":{"east":{"uv":[10.0,12.375,9.625,12.5625],"tintindex":0,"rotation":0,"texture":"#0"},"south":{"uv":[13.0625,2.75,12.75,2.9375],"tintindex":0,"rotation":0,"texture":"#0"},"north":{"uv":[13.0625,3.0,12.75,3.1875],"tintindex":0,"rotation":0,"texture":"#0"},"west":{"uv":[12.75,10.25,12.375,10.4375],"tintindex":0,"rotation":0,"texture":"#0"},"up":{"uv":[9.1875,11.5,8.875,11.875],"tintindex":0,"rotation":0,"texture":"#0"},"down":{"uv":[9.5625,11.875,9.25,11.5],"tintindex":0,"rotation":0,"texture":"#0"}}},{"from":[6.868063,2.3727503,4.4028325],"to":[9.597966,5.3677444,6.4613185],"faces":{"east":{"uv":[0.375,10.75,0.6875,11.3125],"tintindex":0,"rotation":0,"texture":"#0"},"south":{"uv":[12.0625,15.375,13.0,16.0],"tintindex":0,"rotation":0,"texture":"#0"},"north":{"uv":[0.0,6.625,1.75,7.1875],"tintindex":0,"rotation":0,"texture":"#0"},"west":{"uv":[0.0,10.75,0.3125,11.3125],"tintindex":0,"rotation":0,"texture":"#0"},"up":{"uv":[3.3125,15.4375,4.0625,15.625],"tintindex":0,"rotation":0,"texture":"#0"},"down":{"uv":[7.875,5.8125,9.625,5.5],"tintindex":0,"rotation":0,"texture":"#0"}},"rotation":{"origin":[8.233014,3.8702474,5.4320755],"angle":-22.5,"axis":"x"}},{"from":[2.3287773,1.8827577,10.390629],"to":[7.0171237,6.7318716,11.648003],"faces":{"east":{"uv":[1.3125,11.375,1.125,12.1875],"tintindex":0,"rotation":0,"texture":"#0"},"south":{"uv":[1.25,8.75,0.625,9.5625],"tintindex":0,"rotation":0,"texture":"#0"},"north":{"uv":[1.875,8.75,1.25,9.5625],"tintindex":0,"rotation":0,"texture":"#0"},"west":{"uv":[1.5625,11.375,1.375,12.1875],"tintindex":0,"rotation":0,"texture":"#0"},"up":{"uv":[12.375,7.375,11.75,7.5625],"tintindex":0,"rotation":0,"texture":"#0"},"down":{"uv":[12.375,8.9375,11.75,8.75],"tintindex":0,"rotation":0,"texture":"#0"}},"rotation":{"origin":[4.8387356,1.3155441,10.02659],"angle":22.5,"axis":"x"}},{"from":[3.7854967,0.4860611,8.744706],"to":[5.782699,1.7434349,11.153347],"faces":{"east":{"uv":[12.375,10.25,12.75,10.4375],"tintindex":0,"rotation":0,"texture":"#0"},"south":{"uv":[12.75,2.75,13.0625,2.9375],"tintindex":0,"rotation":0,"texture":"#0"},"north":{"uv":[12.75,3.0,13.0625,3.1875],"tintindex":0,"rotation":0,"texture":"#0"},"west":{"uv":[9.625,12.375,10.0,12.5625],"tintindex":0,"rotation":0,"texture":"#0"},"up":{"uv":[8.875,11.5,9.1875,11.875],"tintindex":0,"rotation":0,"texture":"#0"},"down":{"uv":[9.25,11.875,9.5625,11.5],"tintindex":0,"rotation":0,"texture":"#0"}}},{"from":[6.856554,1.0165987,4.0790772],"to":[9.067883,2.2739725,12.353416],"faces":{"east":{"uv":[10.8125,7.625,8.0,7.8125],"tintindex":0,"rotation":0,"texture":"#0"},"south":{"uv":[12.75,8.75,12.375,8.9375],"tintindex":0,"rotation":0,"texture":"#0"},"north":{"uv":[12.75,9.5,12.375,9.6875],"tintindex":0,"rotation":0,"texture":"#0"},"west":{"uv":[7.0625,8.625,4.25,8.8125],"tintindex":0,"rotation":0,"texture":"#0"},"up":{"uv":[3.875,6.125,3.5,8.9375],"tintindex":0,"rotation":0,"texture":"#0"},"down":{"uv":[4.25,8.9375,3.875,6.125],"tintindex":0,"rotation":0,"texture":"#0"}}},{"from":[3.573244,3.0952663,6.5275946],"to":[5.876955,5.5516553,6.845917],"faces":{"east":{"uv":[14.25,13.75,14.3125,14.125],"tintindex":0,"rotation":0,"texture":"#0"},"south":{"uv":[6.375,11.375,6.75,11.75],"tintindex":0,"rotation":0,"texture":"#0"},"north":{"uv":[6.75,11.375,7.125,11.75],"tintindex":0,"rotation":0,"texture":"#0"},"west":{"uv":[13.5,14.25,13.5625,14.625],"tintindex":0,"rotation":0,"texture":"#0"},"up":{"uv":[14.25,12.75,14.625,12.8125],"tintindex":0,"rotation":0,"texture":"#0"},"down":{"uv":[14.25,13.4375,14.625,13.375],"tintindex":0,"rotation":0,"texture":"#0"}},"rotation":{"origin":[4.7250996,4.3234606,6.686756],"angle":-22.5,"axis":"x"}},{"from":[7.658521,2.0245876,8.4875345],"to":[8.123905,3.5758672,8.952918],"faces":{"east":{"uv":[1.075,15.75,0.75,16.0],"tintindex":0,"rotation":0,"texture":"#0"},"south":{"uv":[1.5625,15.75,1.3125,16.0],"tintindex":0,"rotation":0,"texture":"#0"},"north":{"uv":[1.4375,15.4875,1.1875,15.7375],"tintindex":0,"rotation":0,"texture":"#0"},"west":{"uv":[1.075,15.4375,0.75,15.6875],"tintindex":0,"rotation":0,"texture":"#0"},"up":{"uv":[1.0,15.4375,1.25,15.1125],"tintindex":0,"rotation":0,"texture":"#0"},"down":{"uv":[0.6875,15.375,0.9375,15.05],"tintindex":0,"rotation":0,"texture":"#0"}},"rotation":{"origin":[7.8912134,2.8002272,8.720225],"angle":22.5,"axis":"x"}},{"from":[4.540218,3.4171295,6.68334],"to":[4.89059,4.039805,7.0602393],"faces":{"east":{"uv":[13.375,14.4375,13.25,14.25],"tintindex":0,"rotation":270,"texture":"#0"},"south":{"uv":[13.0,14.25,13.125,14.4375],"tintindex":0,"rotation":90,"texture":"#0"},"north":{"uv":[13.125,14.25,13.25,14.4375],"tintindex":0,"rotation":270,"texture":"#0"},"west":{"uv":[13.5,14.25,13.375,14.4375],"tintindex":0,"rotation":270,"texture":"#0"},"up":{"uv":[14.0625,13.3125,13.875,13.125],"tintindex":0,"rotation":270,"texture":"#0"},"down":{"uv":[13.8125,14.0625,13.625,13.875],"tintindex":0,"rotation":270,"texture":"#0"}},"rotation":{"origin":[4.715404,3.728467,6.87179],"angle":-22.5,"axis":"x"}},{"from":[5.87455,1.0331955,5.4575415],"to":[6.6501894,1.9639626,5.4575415],"faces":{"south":{"uv":[4.75,15.3125,4.875,15.5875],"tintindex":0,"rotation":0,"texture":"#0"},"north":{"uv":[0.0,0.0,0.125,0.15],"tintindex":0,"rotation":0,"texture":"#0"}},"rotation":{"origin":[6.2623696,1.498579,5.4575415],"angle":-22.5,