{"textures":{"0":"modelengine:entity/black_silver_crate_texture"},"elements":[{"from":[1.1830711,12.424114,11.558087],"to":[20.14307,14.794114,11.558087],"faces":{"south":{"uv":[5.714286,9.714286,8.571429,10.142858],"tintindex":0,"rotation":0,"texture":"#0"},"north":{"uv":[9.714286,5.4285717,12.571429,5.857143],"tintindex":0,"rotation":0,"texture":"#0"}},"rotation":{"origin":[10.615671,8.060871,7.8292904],"angle":-45.0,"axis":"x"}},{"from":[18.815872,22.607914,-0.5217333],"to":[21.65987,24.503914,3.2702665],"faces":{"east":{"uv":[10.857143,10.285715,11.428572,10.571429],"tintindex":0,"rotation":0,"texture":"#0"},"south":{"uv":[10.285715,13.142858,10.714286,13.428572],"tintindex":0,"rotation":0,"texture":"#0"},"north":{"uv":[13.142858,10.0,13.571429,10.285715],"tintindex":0,"rotation":0,"texture":"#0"},"west":{"uv":[12.571429,2.2857144,13.142858,2.5714288],"tintindex":0,"rotation":0,"texture":"#0"},"up":{"uv":[11.857143,12.571429,11.428572,12.000001],"tintindex":0,"rotation":0,"texture":"#0"},"down":{"uv":[12.428572,11.714286,12.000001,12.285715],"tintindex":0,"rotation":0,"texture":"#0"}},"rotation":{"origin":[10.615671,8.060871,7.8292904],"angle":-45.0,"axis":"x"}},{"from":[9.241071,22.607914,-0.5217333],"to":[12.085071,24.503914,3.2702665],"faces":{"east":{"uv":[0.5714286,12.857143,1.1428572,13.142858],"tintindex":0,"rotation":0,"texture":"#0"},"south":{"uv":[13.142858,11.714286,13.571429,12.000001],"tintindex":0,"rotation":0,"texture":"#0"},"north":{"uv":[13.142858,11.428572,13.571429,11.714286],"tintindex":0,"rotation":0,"texture":"#0"},"west":{"uv":[1.1428572,12.857143,1.7142859,13.142858],"tintindex":0,"rotation":0,"texture":"#0"},"up":{"uv":[1.5714287,12.857143,1.1428572,12.285715],"tintindex":0,"rotation":0,"texture":"#0"},"down":{"uv":[2.1428573,12.285715,1.7142859,12.857143],"tintindex":0,"rotation":0,"texture":"#0"}},"rotation":{"origin":[10.615671,8.060871,7.8292904],"angle":-45.0,"axis":"x"}},{"from":[18.815872,11.762922,10.323279],"to":[21.65987,15.554921,12.219279],"faces":{"east":{"uv":[12.857143,7.1428576,13.142858,7.714286],"tintindex":0,"rotation":0,"texture":"#0"},"south":{"uv":[12.571429,1.1428572,13.000001,1.7142859],"tintindex":0,"rotation":0,"texture":"#0"},"north":{"uv":[12.571429,0.5714286,13.000001,1.1428572],"tintindex":0,"rotation":0,"texture":"#0"},"west":{"uv":[7.4285717,12.857143,7.714286,13.428572],"tintindex":0,"rotation":0,"texture":"#0"},"up":{"uv":[1.0,13.714287,0.5714286,13.428572],"tintindex":0,"rotation":0,"texture":"#0"},"down":{"uv":[1.5714287,13.428572,1.1428572,13.714287],"tintindex":0,"rotation":0,"texture":"#0"}},"rotation":{"origin":[10.615671,8.060871,7.8292904],"angle":-45.0,"axis":"x"}},{"from":[-0.51384926,8.6636,-9.702751],"to":[2.3301516,13.7828,-7.8067513],"faces":{"east":{"uv":[5.714286,12.571429,6.0000005,13.285715],"tintindex":0,"rotation":0,"texture":"#0"},"south":{"uv":[12.000001,10.857143,12.428572,11.571429],"tintindex":0,"rotation":0,"texture":"#0"},"north":{"uv":[10.857143,12.000001,11.285715,12.714286],"tintindex":0,"rotation":0,"texture":"#0"},"west":{"uv":[6.0000005,12.571429,6.2857146,13.285715],"tintindex":0,"rotation":0,"texture":"#0"},"up":{"uv":[13.857143,4.0,13.428572,3.7142859],"tintindex":0,"rotation":0,"texture":"#0"},"down":{"uv":[13.857143,4.0,13.428572,4.2857146],"tintindex":0,"rotation":0,"texture":"#0"}}},{"from":[1.1830711,15.45674,-7.0918446],"to":[20.14307,15.45674,5.7061553],"faces":{"up":{"uv":[9.714286,6.4285717,6.8571434,4.571429],"tintindex":0,"rotation":0,"texture":"#0"},"down":{"uv":[9.714286,6.571429,6.8571434,8.428572],"tintindex":0,"rotation":0,"texture":"#0"}}},{"from":[1.1830711,8.8532,-8.767681],"to":[20.14307,13.7828,-8.767681],"faces":{"south":{"uv":[9.714286,0.0,12.571429,0.71428573],"tintindex":0,"rotation":0,"texture":"#0"},"north":{"uv":[8.857143,9.428572,11.714286,10.142858],"tintindex":0,"rotation":0,"texture":"#0"}}},{"from":[18.815872,8.6636,6.4197335],"to":[21.65987,13.7828,8.315734],"faces":{"east":{"uv":[4.857143,12.571429,5.1428576,13.285715],"tintindex":0,"rotation":0,"texture":"#0"},"south":{"uv":[9.142858,12.000001,9.571429,12.714286],"tintindex":0,"rotation":0,"texture":"#0"},"north":{"uv":[8.571429,12.000001,9.0,12.714286],"tintindex":0,"rotation":0,"texture":"#0"},"west":{"uv":[5.1428576,12.571429,5.4285717,13.285715],"tintindex":0,"rotation":0,"texture":"#0"},"up":{"uv":[13.571429,13.428572,13.142858,13.142858],"tintindex":0,"rotation":0,"texture":"#0"},"down":{"uv":[0.42857146,13.428572,0.0,13.714287],"tintindex":0,"rotation":0,"texture":"#0"}}},{"from":[18.815872,8.6636,-9.702751],"to":[21.65987,13.7828,-7.8067513],"faces":{"east":{"uv":[12.571429,4.2857146,12.857143,5.0],"tintindex":0,"rotation":0,"texture":"#0"},"south":{"uv":[8.0,12.000001,8.428572,12.714286],"tintindex":0,"rotation":0,"texture":"#0"},"north":{"uv":[7.4285717,12.000001,7.8571434,12.714286],"tintindex":0,"rotation":0,"texture":"#0"},"west":{"uv":[4.571429,12.571429,4.857143,13.285715],"tintindex":0,"rotation":0,"texture":"#0"},"up":{"uv":[9.571429,13.428572,9.142858,13.142858],"tintindex":0,"rotation":0,"texture":"#0"},"down":{"uv":[10.142858,13.142858,9.714286,13.428572],"tintindex":0,"rotation":0,"texture":"#0"}}},{"from":[-0.51384926,14.568141,-7.021408],"to":[2.3301516,16.464142,5.6343913],"faces":{"east":{"uv":[7.714286,10.857143,9.571429,11.142858],"tintindex":0,"rotation":0,"texture":"#0"},"south":{"uv":[13.428572,2.857143,13.857143,3.1428573],"tintindex":0,"rotation":0,"texture":"#0"},"north":{"uv":[13.428572,2.5714288,13.857143,2.857143],"tintindex":0,"rotation":0,"texture":"#0"},"west":{"uv":[9.714286,10.857143,11.571429,11.142858],"tintindex":0,"rotation":0,"texture":"#0"},"up":{"uv":[5.0,11.857143,4.571429,10.0],"tintindex":0,"rotation":0,"texture":"#0"},"down":{"uv":[5.571429,10.0,5.1428576,11.857143],"tintindex":0,"rotation":0,"texture":"#0"}}},{"from":[1.1830711,23.842724,0.13947773],"to":[20.14307,23.842724,2.5094776],"faces":{"up":{"uv":[12.571429,4.714286,9.714286,4.2857146],"tintindex":0,"rotation":0,"texture":"#0"},"down":{"uv":[12.571429,4.857143,9.714286,5.2857146],"tintindex":0,"rotation":0,"texture":"#0"}},"rotation":{"origin":[10.615671,8.060871,7.8292904],"angle":-45.0,"axis":"x"}},{"from":[1.1830711,8.8532,7.380665],"to":[20.14307,13.7828,7.380665],"faces":{"south":{"uv":[9.714286,1.7142859,12.571429,2.4285715],"tintindex":0,"rotation":0,"texture":"#0"},"north":{"uv":[9.714286,0.8571429,12.571429,1.5714287],"tintindex":0,"rotation":0,"texture":"#0"}}},{"from":[8.719671,8.948,-10.268309],"to":[12.606471,10.844,-7.424309],"faces":{"east":{"uv":[13.142858,12.571429,13.571429,12.857143],"tintindex":0,"rotation":0,"texture":"#0"},"south":{"uv":[12.857143,2.857143,13.428572,3.1428573],"tintindex":0,"rotation":0,"texture":"#0"},"north":{"uv":[12.857143,2.5714288,13.428572,2.857143],"tintindex":0,"rotation":0,"texture":"#0"},"west":{"uv":[13.142858,12.857143,13.571429,13.142858],"tintindex":0,"rotation":0,"texture":"#0"},"up":{"uv":[12.571429,12.714286,12.000001,12.285715],"tintindex":0,"rotation":0,"texture":"#0"},"down":{"uv":[13.142858,0.0,12.571429,0.42857146],"tintindex":0,"rotation":0,"texture":"#0"}}},{"from":[9.241071,11.762922,10.323279],"to":[12.085071,15.554921,12.219279],"faces":{"east":{"uv":[2.857143,8.285715,3.1428573,8.857143],"tintindex":0,"rotation":0,"texture":"#0"},"south":{"uv":[0.5714286,12.285715,1.0,12.857143],"tintindex":0,"rotation":0,"texture":"#0"},"north":{"uv":[0.0,12.285715,0.42857146,12.857143],"tintindex":0,"rotation":0,"texture":"#0"},"west":{"uv":[8.571429,9.714286,8.857143,10.285715],"tintindex":0,"rotation":0,"texture":"#0"},"up":{"uv":[11.285715,13.428572,10.857143,13.142858],"tintindex":0,"rotation":0,"texture":"#0"},"down":{"uv":[13.571429,10.857143,13.142858,11.142858],"tintindex":0,"rotation":0,"texture":"#0"}},"rotation":{"origin":[10.615671,8.060871,7.8292904],"angle":-45.0,"axis":"x"}},{"from":[-0.51384926,11.762922,10.323279],"to":[2.3301516,15.554921,12.219279],